Id,class_1,class_0
00eed32682bb,0.4131903,0.5868097
010ebe33f668,0.4131903,0.5868097
02fa521e1838,0.4131903,0.5868097
040e15f562a2,0.4131903,0.5868097
046e85c7cc7f,0.4131903,0.5868097
